model,loss
ridge,1.5131433052895291
linear_regression,1.5132144746898903
svm,2.0411788693650816
decision_tree,0.21697891845115527
